,product_link,product_name,final_price,product_description,name_dimension,final_price_dimension,product_description_location,body_dimension
0,https://in.puma.com/in/en/pd/puma-x-1der-kl-rahul-character-youth-pants/672908.html?dwvar_672908_color=01,PUMA x 1DER KL Rahul Character Youth Pants,"₹2,299","Uber cool with unlimited swag the PUMA x 1DER Men's Character T-Shirt is a must have thispiece features unmissable 1DER branding at the back, t and stylish at the same time....","{'x': 124, 'y': 1005, 'height': 80, 'width': 537}","{'x': 124, 'y': 1093, 'height': 27, 'width': 67}","{'x': 124, 'y': 1901, 'height': 90, 'width': 537}","{'x': 0, 'y': 0, 'height': 5477, 'width': 785}"
1,https://in.puma.com/in/en/pd/puma-x-1der-kl-rahul-character-youth-t-shirt/672906.html?dwvar_672906_color=41,PUMA x 1DER KL Rahul Character Youth T-Shirt,"₹1,299","Uber cool with unlimited swag the PUMA x 1DER Youth Character T-Shirt is a must have this piece features unmissable 1DER branding at the back, t and stylish at the same time...","{'x': 124, 'y': 1005, 'height': 80, 'width': 537}","{'x': 124, 'y': 1093, 'height': 27, 'width': 67}","{'x': 124, 'y': 1901, 'height': 90, 'width': 537}","{'x': 0, 'y': 0, 'height': 5453, 'width': 785}"
2,https://in.puma.com/in/en/pd/puma-x-1der-kl-rahul-character-youth-pants/672908.html?dwvar_672908_color=50,PUMA x 1DER KL Rahul Character Youth Pants,"₹2,299","Uber cool with unlimited swag the PUMA x 1DER Men's Character T-Shirt is a must have thispiece features unmissable 1DER branding at the back, t and stylish at the same time....","{'x': 124, 'y': 1005, 'height': 80, 'width': 537}","{'x': 124, 'y': 1093, 'height': 27, 'width': 67}","{'x': 124, 'y': 1901, 'height': 90, 'width': 537}","{'x': 0, 'y': 0, 'height': 5477, 'width': 785}"
3,https://in.puma.com/in/en/pd/puma-x-1der-kl-rahul-character-youth-t-shirt/672906.html?dwvar_672906_color=50,PUMA x 1DER KL Rahul Character Youth T-Shirt,"₹1,299","Uber cool with unlimited swag the PUMA x 1DER Youth Character T-Shirt is a must have this piece features unmissable 1DER branding at the back, t and stylish at the same time...","{'x': 124, 'y': 1005, 'height': 80, 'width': 537}","{'x': 124, 'y': 1093, 'height': 27, 'width': 67}","{'x': 124, 'y': 1901, 'height': 90, 'width': 537}","{'x': 0, 'y': 0, 'height': 5453, 'width': 785}"
4,https://in.puma.com/in/en/pd/mercedes-amg-petronas-f1-t7-light-mens-track-pants/533604.html?dwvar_533604_color=01,Mercedes AMG Petronas F1 T7 Light Men's Track Pants,"₹4,499","Mercedes-AMG Petronas Motorsport takes track-inspired style up a notch with a sleek, structured design that combines premium functionality with comfort and modern luxury. Feat...","{'x': 124, 'y': 1005, 'height': 80, 'width': 537}","{'x': 124, 'y': 1093, 'height': 27, 'width': 67}","{'x': 124, 'y': 1901, 'height': 90, 'width': 537}","{'x': 0, 'y': 0, 'height': 5557, 'width': 785}"
5,https://in.puma.com/in/en/pd/puma-x-1der-seattle-mens-shoes/387766.html?dwvar_387766_color=03,PUMA x 1DER Seattle Men's Shoes,"₹4,499","The power that the PUMA x 1DER Seattle Shoes hold in itself is unfathomable. Complete with attractive colors, heat pressed overlays combined with PUMA and 1DER branding and th...","{'x': 124, 'y': 1005, 'height': 40, 'width': 537}","{'x': 124, 'y': 1053, 'height': 27, 'width': 67}","{'x': 124, 'y': 1861, 'height': 90, 'width': 537}","{'x': 0, 'y': 0, 'height': 5325, 'width': 785}"
6,https://in.puma.com/in/en/pd/mercedes-amg-petronas-f1-slim-mens-track-jacket/533603.html?dwvar_533603_color=01,Mercedes AMG Petronas F1 Slim Men's Track Jacket,"₹5,999","Track-inspired but redesigned for modern motorsport, this sleek sweat jacket features all the hallmarks of the original, like the side seam panelling and athletic silhouette, ...","{'x': 124, 'y': 1005, 'height': 80, 'width': 537}","{'x': 124, 'y': 1093, 'height': 27, 'width': 67}","{'x': 124, 'y': 1901, 'height': 90, 'width': 537}","{'x': 0, 'y': 0, 'height': 5612, 'width': 785}"
7,https://in.puma.com/in/en/pd/puma-bowling-22.1-mens-cricket-shoes/106669.html?dwvar_106669_color=02,PUMA Bowling 22.1 Men's Cricket Shoes,"₹13,999",The Bowling 22.1 Cricket Shoes mean business when it comes to performance on the pitch. The wider fitting upper features perforations at the forefoot and midfoot for enhanced ...,"{'x': 124, 'y': 1005, 'height': 40, 'width': 537}","{'x': 124, 'y': 1053, 'height': 27, 'width': 79}","{'x': 124, 'y': 1861, 'height': 90, 'width': 537}","{'x': 0, 'y': 0, 'height': 5468, 'width': 785}"
8,https://in.puma.com/in/en/pd/puma-bowling-22.1-mens-cricket-shoes/106669.html?dwvar_106669_color=01,PUMA Bowling 22.1 Men's Cricket Shoes,"₹13,999",The Bowling 22.1 Cricket Shoes mean business when it comes to performance on the pitch. The wider fitting upper features perforations at the forefoot and midfoot for enhanced ...,"{'x': 124, 'y': 1005, 'height': 40, 'width': 537}","{'x': 124, 'y': 1053, 'height': 27, 'width': 79}","{'x': 124, 'y': 1861, 'height': 90, 'width': 537}","{'x': 0, 'y': 0, 'height': 5468, 'width': 785}"
9,https://in.puma.com/in/en/pd/puma-x-1der-kl-rahul-relaxed-mens-t-shirt/672850.html?dwvar_672850_color=62,PUMA x 1DER KL Rahul Relaxed Men's T-Shirt,"₹2,299","One look at the PUMA x 1DER Relaxed Fit Men's T-Shirt gets your style game reeling & heart fleeting, Featuring simple and sleek cutlines like KL Rahul's style and boldness of ...","{'x': 124, 'y': 1005, 'height': 80, 'width': 537}","{'x': 124, 'y': 1093, 'height': 27, 'width': 67}","{'x': 124, 'y': 1901, 'height': 90, 'width': 537}","{'x': 0, 'y': 0, 'height': 5428, 'width': 785}"
10,https://in.puma.com/in/en/pd/puma-x-1der-kl-rahul-relaxed-mens-shorts/672852.html?dwvar_672852_color=33,PUMA x 1DER KL Rahul Relaxed Men's Shorts,"₹3,499","Simple yet stylish, the PUMA x 1DER Men's Shorts is the true amalgamation of PUMA's stylish branding and KL Rahul's sophisticated style. The T7 detailing on the side makes thi...","{'x': 124, 'y': 1005, 'height': 40, 'width': 537}","{'x': 124, 'y': 1053, 'height': 27, 'width': 67}","{'x': 124, 'y': 1861, 'height': 90, 'width': 537}","{'x': 0, 'y': 0, 'height': 5418, 'width': 785}"
11,https://in.puma.com/in/en/pd/puma-x-1der-kl-rahul-design-core-ii-mens-t-shirt/672865.html?dwvar_672865_color=23,PUMA x 1DER KL Rahul Design Core II Men's T-Shirt,"₹1,499","Amp up , strike the style game with the PUMA x 1DER Men's T-Shirt. Featuring minimalistic, sleek design, ribbed neck, and a graphic print that reflects KL Rahul's fun yet soph...","{'x': 124, 'y': 1005, 'height': 80, 'width': 537}","{'x': 124, 'y': 1093, 'height': 27, 'width': 67}","{'x': 124, 'y': 1901, 'height': 90, 'width': 537}","{'x': 0, 'y': 0, 'height': 5483, 'width': 785}"
12,https://in.puma.com/in/en/pd/puma-x-1der-kl-rahul-graphic-mens-shorts/672870.html?dwvar_672870_color=48,PUMA x 1DER KL Rahul Graphic Men's Shorts,"₹2,299","Just lounging or playing sport, amp it up elevate with the PUMA x 1DER KL Rahul Graphic Men's Shorts. Created by PUMA and KL Rahul together, these shorts are lightweight and c...","{'x': 124, 'y': 1005, 'height': 40, 'width': 537}","{'x': 124, 'y': 1053, 'height': 27, 'width': 67}","{'x': 124, 'y': 1861, 'height': 90, 'width': 537}","{'x': 0, 'y': 0, 'height': 5413, 'width': 785}"
13,https://in.puma.com/in/en/pd/puma-x-1der-kl-rahul-design-core-mens-shorts/537824.html?dwvar_537824_color=06,PUMA x 1DER KL Rahul Design Core Men's Shorts,"₹2,499","For the ones who like to keep it casual yet stylish, the PUMA x 1DER Men's Shorts is the one for you. Enveloping PUMA's boldness and KL Rahul's subtle yet fun style, these sho...","{'x': 124, 'y': 1005, 'height': 80, 'width': 537}","{'x': 124, 'y': 1093, 'height': 27, 'width': 67}","{'x': 124, 'y': 1901, 'height': 90, 'width': 537}","{'x': 0, 'y': 0, 'height': 5428, 'width': 785}"
14,https://in.puma.com/in/en/pd/puma-x-1der-kl-rahul-core-mens-t-shirt-ii/672861.html?dwvar_672861_color=01,PUMA x 1DER KL Rahul Core Men's T-Shirt II,"₹1,799","Amp up , strike the style game with the PUMA x 1DER Men's T-Shirt. Featuring minimalistic, sleek design, ribbed neck, and a graphic print that reflects KL Rahul's fun yet soph...","{'x': 124, 'y': 1005, 'height': 40, 'width': 537}","{'x': 124, 'y': 1053, 'height': 27, 'width': 67}","{'x': 124, 'y': 1861, 'height': 90, 'width': 537}","{'x': 0, 'y': 0, 'height': 5467, 'width': 785}"
15,https://in.puma.com/in/en/pd/puma-x-1der-kl-rahul-graphic-mens-pants/672869.html?dwvar_672869_color=32,PUMA x 1DER KL Rahul Graphic Men's Pants,"₹2,999",Gear up with PUMA x 1DER KL Rahul Pants featuring the minimalistic and aesthetic sense of style are the ones to go for. Probably one of the most subtle yet stylish designs fro...,"{'x': 124, 'y': 1005, 'height': 40, 'width': 537}","{'x': 124, 'y': 1053, 'height': 27, 'width': 67}","{'x': 124, 'y': 1861, 'height': 90, 'width': 537}","{'x': 0, 'y': 0, 'height': 5468, 'width': 785}"
16,https://in.puma.com/in/en/pd/puma-x-1der-kl-rahul-design-core-ii-mens-t-shirt/672865.html?dwvar_672865_color=06,PUMA x 1DER KL Rahul Design Core II Men's T-Shirt,"₹1,499","Amp up , strike the style game with the PUMA x 1DER Men's T-Shirt. Featuring minimalistic, sleek design, ribbed neck, and a graphic print that reflects KL Rahul's fun yet soph...","{'x': 124, 'y': 1005, 'height': 80, 'width': 537}","{'x': 124, 'y': 1093, 'height': 27, 'width': 67}","{'x': 124, 'y': 1901, 'height': 90, 'width': 537}","{'x': 0, 'y': 0, 'height': 5483, 'width': 785}"
17,https://in.puma.com/in/en/pd/future-z-3.3-tt-mens-football-boots/106764.html?dwvar_106764_color=02,FUTURE Z 3.3 TT Men's Football Boots,"₹6,999","Sleek, streamlined and sophisticated, the FUTURE 3.3 is designed for fierce football. Featuring the second generation of our FUZIONFIT+ technology, each shoe adapts to the sha...","{'x': 124, 'y': 1005, 'height': 40, 'width': 537}","{'x': 124, 'y': 1053, 'height': 27, 'width': 67}","{'x': 124, 'y': 1861, 'height': 90, 'width': 537}","{'x': 0, 'y': 0, 'height': 5512, 'width': 785}"
18,https://in.puma.com/in/en/pd/manchester-city-iconic-unisex-ball/083639.html?dwvar_083639_color=05,Manchester City Iconic Unisex Ball,"₹1,699","Work on fancy footwork, skillful tackles and, of course, putting goals in the net – all inspired by your favourite Manchester City players. This stand-out 32-panel training ba...","{'x': 124, 'y': 1005, 'height': 40, 'width': 537}","{'x': 124, 'y': 1053, 'height': 27, 'width': 67}","{'x': 124, 'y': 1861, 'height': 90, 'width': 537}","{'x': 0, 'y': 0, 'height': 5008, 'width': 785}"
19,https://in.puma.com/in/en/pd/ferrari-fanwear-classic-unisex-cap/023391.html?dwvar_023391_color=01,Ferrari Fanwear Classic Unisex Cap,"₹1,599","The Ferrari Fanwear Classic Unisex Cap looks sleek and structured in this everyday-ready cap. With crisp, clean lines and a classic fit, you'll set the standard for motorsport...","{'x': 124, 'y': 1005, 'height': 40, 'width': 537}","{'x': 124, 'y': 1053, 'height': 27, 'width': 67}","{'x': 124, 'y': 1861, 'height': 90, 'width': 537}","{'x': 0, 'y': 0, 'height': 5307, 'width': 785}"
20,https://in.puma.com/in/en/pd/evo-se-wicket-keeper-glove/041372.html?dwvar_041372_color=27,EVO SE Wicket Keeper glove,"₹5,499",EVO SE Wicket Keeper glove,"{'x': 124, 'y': 1005, 'height': 40, 'width': 537}","{'x': 124, 'y': 1053, 'height': 27, 'width': 67}","{'x': 124, 'y': 1861, 'height': 30, 'width': 537}","{'x': 0, 'y': 0, 'height': 4808, 'width': 785}"
21,https://in.puma.com/in/en/pd/ferrari-ionspeed-sneakers/306923.html?dwvar_306923_color=05,Ferrari IONSpeed Sneakers,"₹8,999","If you've seen the latest Scuderia Ferrari GT cars, you'll know where this shoe derives its style inspiration from. This new-look shoe, co-created with Scuderia Ferrari, bridg...","{'x': 124, 'y': 1005, 'height': 40, 'width': 537}","{'x': 124, 'y': 1053, 'height': 27, 'width': 67}","{'x': 124, 'y': 1861, 'height': 90, 'width': 537}","{'x': 0, 'y': 0, 'height': 5410, 'width': 785}"
22,https://in.puma.com/in/en/pd/future-z-4.3-fg%2Fag-mens-football-boots/106767.html?dwvar_106767_color=01,FUTURE Z 4.3 FG/AG Men's Football Boots,"₹4,999","Fiercely fast and dramatically dynamic, the FUTURE 4.3 is a performance-driven boot. Featuring sock-like construction and the second generation of our FUZIONFIT+ technology, i...","{'x': 124, 'y': 1005, 'height': 40, 'width': 537}","{'x': 124, 'y': 1053, 'height': 27, 'width': 67}","{'x': 124, 'y': 1861, 'height': 90, 'width': 537}","{'x': 0, 'y': 0, 'height': 5557, 'width': 785}"
23,https://in.puma.com/in/en/pd/future-z-4.3-tt-mens-football-boots/106770.html?dwvar_106770_color=01,FUTURE Z 4.3 TT Men's Football Boots,"₹4,999","Fiercely fast and dramatically dynamic, the FUTURE 4.3 is a performance-driven boot. Featuring sock-like construction and the second generation of our FUZIONFIT+ technology, i...","{'x': 124, 'y': 1005, 'height': 40, 'width': 537}","{'x': 124, 'y': 1053, 'height': 27, 'width': 67}","{'x': 124, 'y': 1861, 'height': 90, 'width': 537}","{'x': 0, 'y': 0, 'height': 5527, 'width': 785}"
24,https://in.puma.com/in/en/pd/bmw-m-motorsport-zenonspeed-men-sneakers/307041.html?dwvar_307041_color=02,BMW M Motorsport ZenonSpeed Men Sneakers,"₹8,999",Can you handle the pace? Inspired by di,"{'x': 124, 'y': 1005, 'height': 80, 'width': 537}","{'x': 124, 'y': 1093, 'height': 27, 'width': 67}","{'x': 124, 'y': 1901, 'height': 30, 'width': 537}","{'x': 0, 'y': 0, 'height': 5299, 'width': 785}"
25,https://in.puma.com/in/en/pd/bmw-m-motorsport-drift-cat-delta-men-sneakers/307100.html?dwvar_307100_color=01,BMW M Motorsport Drift Cat Delta Men Sneakers,"₹7,999","The Drift Cat: An iconic low-profile sneaker design, re-engineered to capture the exciting spirit of motorsport. Inspired by the sweeping curves and aerodynamic contours of au...","{'x': 124, 'y': 1005, 'height': 80, 'width': 537}","{'x': 124, 'y': 1093, 'height': 27, 'width': 67}","{'x': 124, 'y': 1901, 'height': 90, 'width': 537}","{'x': 0, 'y': 0, 'height': 5329, 'width': 785}"
26,https://in.puma.com/in/en/pd/mercedes-f1-essentials-mens-polo-shirt/534362.html?dwvar_534362_color=04,Mercedes F1 Essentials Men's Polo Shirt,"₹2,999","The iconic polo shirt gets a trend-setting, track-ready update in our modern Mercedes-AMG Petronas Motorsport Formula 1 iteration. Featuring classic cut lines, bold branding a...","{'x': 124, 'y': 1005, 'height': 40, 'width': 537}","{'x': 124, 'y': 1053, 'height': 27, 'width': 67}","{'x': 124, 'y': 1861, 'height': 90, 'width': 537}","{'x': 0, 'y': 0, 'height': 5267, 'width': 785}"
27,https://in.puma.com/in/en/pd/mercedes-f1-essentials-mens-polo-shirt/534362.html?dwvar_534362_color=01,Mercedes F1 Essentials Men's Polo Shirt,"₹2,999","The iconic polo shirt gets a trend-setting, track-ready update in our modern Mercedes-AMG Petronas Motorsport Formula 1 iteration. Featuring classic cut lines, bold branding a...","{'x': 124, 'y': 1005, 'height': 40, 'width': 537}","{'x': 124, 'y': 1053, 'height': 27, 'width': 67}","{'x': 124, 'y': 1861, 'height': 90, 'width': 537}","{'x': 0, 'y': 0, 'height': 5267, 'width': 785}"
28,https://in.puma.com/in/en/pd/puma-x-1der-kl-rahul-aop-mens-polo/672854.html?dwvar_672854_color=02,PUMA x 1DER KL Rahul AOP Men's Polo,"₹2,499",Bedazzle wherever you tread with the quirky & cool PUMA x 1DER KL Rahul Core Men's Polo ...,"{'x': 124, 'y': 1005, 'height': 40, 'width': 537}","{'x': 124, 'y': 1053, 'height': 27, 'width': 67}","{'x': 124, 'y': 1861, 'height': 60, 'width': 537}","{'x': 0, 'y': 0, 'height': 5484, 'width': 785}"
29,https://in.puma.com/in/en/pd/bmw-m-motorsport-hooded-boys-sweat-jacket/595513.html?dwvar_595513_color=01,BMW M Motorsport Hooded Boys' Sweat Jacket,"₹4,299",Now you can go to the races in style with our BMW M Motorsports Hooded Boys' Sweat Jacket. This cosy top pairs all of the meticulous attention to detail you expect from PUMA's...,"{'x': 124, 'y': 1005, 'height': 80, 'width': 537}","{'x': 124, 'y': 1093, 'height': 27, 'width': 67}","{'x': 124, 'y': 1901, 'height': 90, 'width': 537}","{'x': 0, 'y': 0, 'height': 5792, 'width': 785}"
30,https://in.puma.com/in/en/pd/puma-x-1der-kl-rahul-aop-mens-t-shirt/672853.html?dwvar_672853_color=50,PUMA x 1DER KL Rahul AOP Men's T-Shirt,"₹2,299","1der far every hour, look like a star with the PUMA x 1DER KL Rahul AOP Men's T-Shirt a must have wardrobe pick...","{'x': 124, 'y': 1005, 'height': 40, 'width': 537}","{'x': 124, 'y': 1053, 'height': 27, 'width': 67}","{'x': 124, 'y': 1861, 'height': 60, 'width': 537}","{'x': 0, 'y': 0, 'height': 5353, 'width': 785}"
31,https://in.puma.com/in/en/pd/puma-x-1der-kl-rahul-character-mens-pants/672858.html?dwvar_672858_color=19,PUMA x 1DER KL Rahul Character Men's Pants,"₹3,999","Get the ball rolling with the PUMA x 1DER KL Rahul Character Pants are the ones to go for. Probably one of the most subtle yet stylish designs from the entire line, these pant...","{'x': 124, 'y': 1005, 'height': 80, 'width': 537}","{'x': 124, 'y': 1093, 'height': 27, 'width': 67}","{'x': 124, 'y': 1901, 'height': 90, 'width': 537}","{'x': 0, 'y': 0, 'height': 5502, 'width': 785}"
32,https://in.puma.com/in/en/pd/puma-x-1der-kl-rahul-character-mens-shorts/672857.html?dwvar_672857_color=01,PUMA x 1DER KL Rahul Character Men's Shorts,"₹2,999","For the ones who like to keep it casual yet stylish, the PUMA x 1DER Men's Shorts is the one for you. Enveloping PUMA's boldness and KL Rahul's subtle yet fun style, these sho...","{'x': 124, 'y': 1005, 'height': 80, 'width': 537}","{'x': 124, 'y': 1093, 'height': 27, 'width': 67}","{'x': 124, 'y': 1901, 'height': 90, 'width': 537}","{'x': 0, 'y': 0, 'height': 5452, 'width': 785}"
33,https://in.puma.com/in/en/pd/puma-x-1der-kl-rahul-aop-mens-t-shirt/672853.html?dwvar_672853_color=41,PUMA x 1DER KL Rahul AOP Men's T-Shirt,"₹2,299","1der far every hour, look like a star with the PUMA x 1DER KL Rahul AOP Men's T-Shirt a must have wardrobe pick...","{'x': 124, 'y': 1005, 'height': 40, 'width': 537}","{'x': 124, 'y': 1053, 'height': 27, 'width': 67}","{'x': 124, 'y': 1861, 'height': 60, 'width': 537}","{'x': 0, 'y': 0, 'height': 5353, 'width': 785}"
34,https://in.puma.com/in/en/pd/puma-x-1der-kl-rahul-graphic-mens-t-shirt/672868.html?dwvar_672868_color=01,PUMA x 1DER KL Rahul Graphic Men's T-Shirt,"₹1,299","Fierce like our brand and sophisticated like KL Rahul's style, the PUMA x 1DER Roar Men's T-Shirt is the perfect balance of bold and stylish. Created by PUMA and KL Rahul toge...","{'x': 124, 'y': 1005, 'height': 80, 'width': 537}","{'x': 124, 'y': 1093, 'height': 27, 'width': 67}","{'x': 124, 'y': 1901, 'height': 90, 'width': 537}","{'x': 0, 'y': 0, 'height': 5353, 'width': 785}"
35,https://in.puma.com/in/en/pd/puma-x-1der-kl-rahul-aop-mens-polo/672854.html?dwvar_672854_color=24,PUMA x 1DER KL Rahul AOP Men's Polo,"₹2,499",Bedazzle wherever you tread with the quirky & cool PUMA x 1DER KL Rahul Core Men's Polo ...,"{'x': 124, 'y': 1005, 'height': 40, 'width': 537}","{'x': 124, 'y': 1053, 'height': 27, 'width': 67}","{'x': 124, 'y': 1861, 'height': 60, 'width': 537}","{'x': 0, 'y': 0, 'height': 5484, 'width': 785}"
36,https://in.puma.com/in/en/pd/adelina-softfoam%2B-women%E2%80%99s-ballet-shoes/369621.html?dwvar_369621_color=19,Adelina SoftFoam+ Women’s Ballet Shoes,"₹3,799","Slide into comfort in the sandal-like sneaker that will support you through every step of your day. With a lightweight, breathable upper, extra-soft sockliner and thick, durab...","{'x': 124, 'y': 1005, 'height': 40, 'width': 537}","{'x': 124, 'y': 1053, 'height': 27, 'width': 67}","{'x': 124, 'y': 1861, 'height': 90, 'width': 537}","{'x': 0, 'y': 0, 'height': 5093, 'width': 785}"
37,https://in.puma.com/in/en/pd/adelina-softfoam%2B-women%E2%80%99s-ballet-shoes/369621.html?dwvar_369621_color=01,Adelina SoftFoam+ Women’s Ballet Shoes,"₹3,799","Slide into comfort in the sandal-like sneaker that will support you through every step of your day. With a lightweight, breathable upper, extra-soft sockliner and thick, durab...","{'x': 124, 'y': 1005, 'height': 40, 'width': 537}","{'x': 124, 'y': 1053, 'height': 27, 'width': 67}","{'x': 124, 'y': 1861, 'height': 90, 'width': 537}","{'x': 0, 'y': 0, 'height': 5093, 'width': 785}"
38,https://in.puma.com/in/en/pd/adelina-softfoam%2B-women%E2%80%99s-ballet-shoes/369621.html?dwvar_369621_color=18,Adelina SoftFoam+ Women’s Ballet Shoes,"₹3,799","Slide into comfort in the sandal-like sneaker that will support you through every step of your day. With a lightweight, breathable upper, extra-soft sockliner and thick, durab...","{'x': 124, 'y': 1005, 'height': 40, 'width': 537}","{'x': 124, 'y': 1053, 'height': 27, 'width': 67}","{'x': 124, 'y': 1861, 'height': 90, 'width': 537}","{'x': 0, 'y': 0, 'height': 5093, 'width': 785}"
39,https://in.puma.com/in/en/pd/adelina-galentines-womens-ballet-shoes/383850.html?dwvar_383850_color=02,Adelina Galentines WoMen's Ballet Shoes,"₹4,299","Jewel-studded and super sweet, our Adelina Valentines Trainers add ballerina-inspired style to your everyday. Featuring feminine curves, a slip-on construction, a breathable m...","{'x': 124, 'y': 1005, 'height': 40, 'width': 537}","{'x': 124, 'y': 1053, 'height': 27, 'width': 67}","{'x': 124, 'y': 1861, 'height': 90, 'width': 537}","{'x': 0, 'y': 0, 'height': 5240, 'width': 785}"
40,https://in.puma.com/in/en/pd/adelina-galentines-womens-ballet-shoes/383850.html?dwvar_383850_color=01,Adelina Galentines WoMen's Ballet Shoes,"₹4,299","Jewel-studded and super sweet, our Adelina Valentines Trainers add ballerina-inspired style to your everyday. Featuring feminine curves, a slip-on construction, a breathable m...","{'x': 124, 'y': 1005, 'height': 40, 'width': 537}","{'x': 124, 'y': 1053, 'height': 27, 'width': 67}","{'x': 124, 'y': 1861, 'height': 90, 'width': 537}","{'x': 0, 'y': 0, 'height': 5240, 'width': 785}"
41,https://in.puma.com/in/en/pd/pamela-slip-on-womens-shoes/381387.html?dwvar_381387_color=04,Pamela Slip-On Women's Shoes,"₹2,969",Pamela Slip-On Women's Shoes is a new lightweight ballet shoe designed for everyday comfort. The lightweight upper and EVA outsole provides ultimate comfort and fit....,"{'x': 124, 'y': 1005, 'height': 40, 'width': 537}","{'x': 124, 'y': 1053, 'height': 27, 'width': 67}","{'x': 124, 'y': 1885, 'height': 90, 'width': 537}","{'x': 0, 'y': 0, 'height': 5009, 'width': 785}"
42,https://in.puma.com/in/en/pd/bari-slip-on-bandana-womens-sneakers/382985.html?dwvar_382985_color=02,Bari Slip-on Bandana Women's Sneakers,"₹2,799","The Bari Slip-on Bandana Women's Sneakers is a new tennis inspired Women’s Slip-On shoe with a versatile vulcanized tooling, sleek and easy to wear. It features a canvas upper...","{'x': 124, 'y': 1005, 'height': 40, 'width': 537}","{'x': 124, 'y': 1053, 'height': 27, 'width': 67}","{'x': 124, 'y': 1885, 'height': 90, 'width': 537}","{'x': 0, 'y': 0, 'height': 5186, 'width': 785}"
43,https://in.puma.com/in/en/pd/softride-premier-slipon-womens-walking-shoes/376660.html?dwvar_376660_color=01,Softride Premier SlipOn Women's Walking Shoes,"₹4,499",Experience unparalleled comfort with the superior performance and luxurious cushioning of our world-renowned Softride comfort foam in our Softride Walking Shoes. This high-per...,"{'x': 124, 'y': 1005, 'height': 80, 'width': 537}","{'x': 124, 'y': 1093, 'height': 27, 'width': 67}","{'x': 124, 'y': 1925, 'height': 90, 'width': 537}","{'x': 0, 'y': 0, 'height': 5489, 'width': 785}"
44,https://in.puma.com/in/en/pd/softride-premier-slipon-womens-walking-shoes/376660.html?dwvar_376660_color=02,Softride Premier SlipOn Women's Walking Shoes,"₹4,499",Experience unparalleled comfort with the superior performance and luxurious cushioning of our world-renowned Softride comfort foam in our Softride Walking Shoes. This high-per...,"{'x': 124, 'y': 1005, 'height': 80, 'width': 537}","{'x': 124, 'y': 1093, 'height': 27, 'width': 67}","{'x': 124, 'y': 1925, 'height': 90, 'width': 537}","{'x': 0, 'y': 0, 'height': 5489, 'width': 785}"
45,https://in.puma.com/in/en/pd/prowl-womens-slip-on-training-shoes/193078.html?dwvar_193078_color=03,Prowl Women's Slip-On Training Shoes,"₹2,599",Fierce style comes in the form of a perfect trainer in our Prowl Slip On. This shoe was designed for quick agile movements and features a sock-like construction to enhance ran...,"{'x': 124, 'y': 1005, 'height': 40, 'width': 537}","{'x': 124, 'y': 1053, 'height': 27, 'width': 67}","{'x': 124, 'y': 1885, 'height': 90, 'width': 537}","{'x': 0, 'y': 0, 'height': 5149, 'width': 785}"
46,https://in.puma.com/in/en/pd/pace-slip-on-idp-mens-walking-shoe/371167.html?dwvar_371167_color=02,Pace Slip On IDP Men's Walking Shoe,"₹2,599",The highlight of the Pace Slip-On shoe is the fine mesh knitted upper with sock-like coverage. The feature blends well to your feet making you feel comfortable and lightweight...,"{'x': 124, 'y': 1005, 'height': 40, 'width': 537}","{'x': 124, 'y': 1053, 'height': 27, 'width': 67}","{'x': 124, 'y': 1885, 'height': 90, 'width': 537}","{'x': 0, 'y': 0, 'height': 5078, 'width': 785}"
47,https://in.puma.com/in/en/pd/wired-womens-slip-on-running-shoes/382299.html?dwvar_382299_color=01,Wired Women's Slip-On Running Shoes,"₹2,699","Simple, seamless style reigns with these understated trainers: the versatile, minimalistic look pairs well with any outfit. The bootie construction, made from stretchable mesh...","{'x': 124, 'y': 1005, 'height': 40, 'width': 537}","{'x': 124, 'y': 1053, 'height': 27, 'width': 67}","{'x': 124, 'y': 1885, 'height': 90, 'width': 537}","{'x': 0, 'y': 0, 'height': 5394, 'width': 785}"
48,https://in.puma.com/in/en/pd/pace-slip-on-idp-mens-walking-shoe/371167.html?dwvar_371167_color=01,Pace Slip On IDP Men's Walking Shoe,"₹2,399",The highlight of the Pace Slip-On shoe is the fine mesh knitted upper with sock-like coverage. The feature blends well to your feet making you feel comfortable and lightweight...,"{'x': 124, 'y': 1005, 'height': 40, 'width': 537}","{'x': 124, 'y': 1053, 'height': 27, 'width': 67}","{'x': 124, 'y': 1885, 'height': 90, 'width': 537}","{'x': 0, 'y': 0, 'height': 5078, 'width': 785}"
49,https://in.puma.com/in/en/pd/fiona-slip-on-womens-shoes/386917.html?dwvar_386917_color=02,Fiona Slip-On Women's Shoes,"₹2,089",We got rid of the laces for you in our Fiona Slip-On Women's Shoes. The fresh looks and the no-hassle element makes this pair perfect for the days when you don't want to deal ...,"{'x': 124, 'y': 1005, 'height': 40, 'width': 537}","{'x': 124, 'y': 1053, 'height': 27, 'width': 67}","{'x': 124, 'y': 1885, 'height': 90, 'width': 537}","{'x': 0, 'y': 0, 'height': 5064, 'width': 785}"
50,https://in.puma.com/in/en/pd/fiona-slip-on-womens-shoes/386917.html?dwvar_386917_color=03,Fiona Slip-On Women's Shoes,"₹2,089",We got rid of the laces for you in our Fiona Slip-On Women's Shoes. The fresh looks and the no-hassle element makes this pair perfect for the days when you don't want to deal ...,"{'x': 124, 'y': 1005, 'height': 40, 'width': 537}","{'x': 124, 'y': 1053, 'height': 27, 'width': 67}","{'x': 124, 'y': 1885, 'height': 90, 'width': 537}","{'x': 0, 'y': 0, 'height': 5064, 'width': 785}"
51,https://in.puma.com/in/en/pd/comfort-v2-slip-on-womens-shoes/386914.html?dwvar_386914_color=02,Comfort V2 Slip-On Women's Shoes,"₹2,469","The Comfort V2 Slip-On Women's Shoes are not only cute but also comfortable, just like the name suggests. The soft, breathable mesh upper makes sure that you're in your top ga...","{'x': 124, 'y': 1005, 'height': 40, 'width': 537}","{'x': 124, 'y': 1053, 'height': 27, 'width': 67}","{'x': 124, 'y': 1885, 'height': 90, 'width': 537}","{'x': 0, 'y': 0, 'height': 5199, 'width': 785}"
52,https://in.puma.com/in/en/pd/comfort-v2-slip-on-womens-shoes/386914.html?dwvar_386914_color=01,Comfort V2 Slip-On Women's Shoes,"₹2,469","The Comfort V2 Slip-On Women's Shoes are not only cute but also comfortable, just like the name suggests. The soft, breathable mesh upper makes sure that you're in your top ga...","{'x': 124, 'y': 1005, 'height': 40, 'width': 537}","{'x': 124, 'y': 1053, 'height': 27, 'width': 67}","{'x': 124, 'y': 1885, 'height': 90, 'width': 537}","{'x': 0, 'y': 0, 'height': 5199, 'width': 785}"
53,https://in.puma.com/in/en/pd/fiona-slip-on-womens-shoes/386917.html?dwvar_386917_color=01,Fiona Slip-On Women's Shoes,"₹1,899",We got rid of the laces for you in our Fiona Slip-On Women's Shoes. The fresh looks and the no-hassle element makes this pair perfect for the days when you don't want to deal ...,"{'x': 124, 'y': 1005, 'height': 40, 'width': 537}","{'x': 124, 'y': 1053, 'height': 27, 'width': 67}","{'x': 124, 'y': 1885, 'height': 90, 'width': 537}","{'x': 0, 'y': 0, 'height': 5064, 'width': 785}"
54,https://in.puma.com/in/en/pd/puma-x-smiley-world-future-rider-babies-sneakers/384927.html?dwvar_384927_color=01,PUMA x SMILEY WORLD Future Rider Babies' Sneakers,"₹3,999","The iconic image of counter-culture for nearly five decades, Smiley is now collaborating with PUMA to bring you trendsetters. The PUMA x SMILEY WORLD Future Rider Kids' Sneake...","{'x': 124, 'y': 1005, 'height': 80, 'width': 537}","{'x': 124, 'y': 1093, 'height': 27, 'width': 67}","{'x': 124, 'y': 1901, 'height': 90, 'width': 537}","{'x': 0, 'y': 0, 'height': 5409, 'width': 785}"
55,https://in.puma.com/in/en/pd/kent-2.0-idp-unisex-shoes/380832.html?dwvar_380832_color=01,Kent 2.0 IDP Unisex Shoes,"₹2,499","Keeping the comfort of your little ones in mind, PUMA's Kent 2.0 V IDP will protect their tiny little feet in the best way. Once these are on, no one can stop them....","{'x': 124, 'y': 1005, 'height': 40, 'width': 537}","{'x': 124, 'y': 1053, 'height': 27, 'width': 67}","{'x': 124, 'y': 1861, 'height': 90, 'width': 537}","{'x': 0, 'y': 0, 'height': 4985, 'width': 785}"
56,https://in.puma.com/in/en/pd/minicats-padded-kids-jacket/583089.html?dwvar_583089_color=16,Minicats Padded Kid's Jacket,"₹3,149","Bundle your baby up in style with this eye-catching puffer jacket. In cool colour combinations, with a cosy interior fleece lining and water repellent properties, your little ...","{'x': 124, 'y': 1005, 'height': 40, 'width': 537}","{'x': 124, 'y': 1053, 'height': 27, 'width': 67}","{'x': 124, 'y': 1885, 'height': 90, 'width': 537}","{'x': 0, 'y': 0, 'height': 6033, 'width': 785}"
57,https://in.puma.com/in/en/pd/puma-x-smiley-world-babies-minicat-jogger-set/846975.html?dwvar_846975_color=15,PUMA x SMILEY WORLD Babies' Minicat Jogger Set,"₹2,549","It's hard not to smile at a baby. It's harder still not to smile at a baby wearing this playful, colourful jogger set. Created in partnership with Smiley World, it has an elas...","{'x': 124, 'y': 1005, 'height': 80, 'width': 537}","{'x': 124, 'y': 1093, 'height': 27, 'width': 67}","{'x': 124, 'y': 1925, 'height': 90, 'width': 537}","{'x': 0, 'y': 0, 'height': 5531, 'width': 785}"
58,https://in.puma.com/in/en/pd/puma-x-smiley-world-babies-minicat-jogger-set/846975.html?dwvar_846975_color=02,PUMA x SMILEY WORLD Babies' Minicat Jogger Set,"₹2,549","It's hard not to smile at a baby. It's harder still not to smile at a baby wearing this playful, colourful jogger set. Created in partnership with Smiley World, it has an elas...","{'x': 124, 'y': 1005, 'height': 80, 'width': 537}","{'x': 124, 'y': 1093, 'height': 27, 'width': 67}","{'x': 124, 'y': 1925, 'height': 90, 'width': 537}","{'x': 0, 'y': 0, 'height': 5531, 'width': 785}"
59,https://in.puma.com/in/en/pd/minicats-padded-infant-jacket/580310.html?dwvar_580310_color=14,Minicats Padded Infant Jacket,"₹2,969","Shelter your little ones from the storm in the Minicats Padded Jacket. Fleece-lined and water repellent, with a storm flap, chin guard and reflective elements for safety in lo...","{'x': 124, 'y': 1005, 'height': 40, 'width': 537}","{'x': 124, 'y': 1053, 'height': 27, 'width': 67}","{'x': 124, 'y': 1885, 'height': 90, 'width': 537}","{'x': 0, 'y': 0, 'height': 5984, 'width': 785}"
60,https://in.puma.com/in/en/pd/minicats-padded-infant-jacket/580310.html?dwvar_580310_color=06,Minicats Padded Infant Jacket,"₹2,969","Shelter your little ones from the storm in the Minicats Padded Jacket. Fleece-lined and water repellent, with a storm flap, chin guard and reflective elements for safety in lo...","{'x': 124, 'y': 1005, 'height': 40, 'width': 537}","{'x': 124, 'y': 1053, 'height': 27, 'width': 67}","{'x': 124, 'y': 1885, 'height': 90, 'width': 537}","{'x': 0, 'y': 0, 'height': 5984, 'width': 785}"
61,https://in.puma.com/in/en/pd/minicats-babies-set/586622.html?dwvar_586622_color=26,Minicats Babies' Set,"₹1,499","Our adorable Minicats Babies' Set is the perfect everyday outfit for the warmer months. The colourful tee, featuring an eye-catching embossed suede and rubber print graphic, a...","{'x': 124, 'y': 1005, 'height': 40, 'width': 537}","{'x': 124, 'y': 1053, 'height': 27, 'width': 67}","{'x': 124, 'y': 1885, 'height': 90, 'width': 537}","{'x': 0, 'y': 0, 'height': 5898, 'width': 785}"
62,https://in.puma.com/in/en/pd/minicats-brand-love-babies-set/533912.html?dwvar_533912_color=15,Minicats Brand Love Babies' Set,"₹1,719","Made from recycled fabrics to emphasise PUMA's approach to eco-friendly fashion, with bold and colourful brand elements, classic lines and comfortable silhouettes, our Brand L...","{'x': 124, 'y': 1005, 'height': 40, 'width': 537}","{'x': 124, 'y': 1053, 'height': 27, 'width': 67}","{'x': 124, 'y': 1885, 'height': 90, 'width': 537}","{'x': 0, 'y': 0, 'height': 5806, 'width': 785}"
63,https://in.puma.com/in/en/pd/minicats--t-shirt-and-shorts-babies-set/845839.html?dwvar_845839_color=16,Minicats T-shirt and Shorts Babies' Set,"₹1,499","Suit your little one up with head-to-toe athletic-inspired style in this sweet Minicats set. Featuring classic lines, bold branding, shoulder seam buttoning for easy dressing ...","{'x': 124, 'y': 1005, 'height': 40, 'width': 537}","{'x': 124, 'y': 1053, 'height': 27, 'width': 67}","{'x': 124, 'y': 1885, 'height': 90, 'width': 537}","{'x': 0, 'y': 0, 'height': 5511, 'width': 785}"
64,https://in.puma.com/in/en/pd/minicats-brand-love-babies-set/533912.html?dwvar_533912_color=01,Minicats Brand Love Babies' Set,"₹1,719","Made from recycled fabrics to emphasise PUMA's approach to eco-friendly fashion, with bold and colourful brand elements, classic lines and comfortable silhouettes, our Brand L...","{'x': 124, 'y': 1005, 'height': 40, 'width': 537}","{'x': 124, 'y': 1053, 'height': 27, 'width': 67}","{'x': 124, 'y': 1885, 'height': 90, 'width': 537}","{'x': 0, 'y': 0, 'height': 5806, 'width': 785}"
65,https://in.puma.com/in/en/pd/minicats-padded-kids-jacket/583089.html?dwvar_583089_color=06,Minicats Padded Kid's Jacket,"₹2,619","Bundle your baby up in style with this eye-catching puffer jacket. In cool colour combinations, with a cosy interior fleece lining and water repellent properties, your little ...","{'x': 124, 'y': 1005, 'height': 40, 'width': 537}","{'x': 124, 'y': 1053, 'height': 27, 'width': 67}","{'x': 124, 'y': 1885, 'height': 90, 'width': 537}","{'x': 0, 'y': 0, 'height': 6033, 'width': 785}"
66,https://in.puma.com/in/en/pd/kent-v-inf-idp/190597.html?dwvar_190597_color=02,Kent V INF IDP,"₹1,869",Kent V INF IDP Unisex Sportstyle Shoes,"{'x': 124, 'y': 1005, 'height': 40, 'width': 537}","{'x': 124, 'y': 1053, 'height': 27, 'width': 67}","{'x': 124, 'y': 1885, 'height': 30, 'width': 537}","{'x': 0, 'y': 0, 'height': 4784, 'width': 785}"
67,https://in.puma.com/in/en/pd/minicats-classics-babies-set/530043.html?dwvar_530043_color=01,Minicats Classics Babies' Set,"₹1,609","Little ones leap into sporty fashion in our Minicats Classics Set, comprising a colourful all-over print tee and cute plain shorts made from 100% sustainable cotton.

...","{'x': 124, 'y': 1005, 'height': 40, 'width': 537}","{'x': 124, 'y': 1053, 'height': 27, 'width': 67}","{'x': 124, 'y': 1885, 'height': 150, 'width': 537}","{'x': 0, 'y': 0, 'height': 5918, 'width': 785}"
68,https://in.puma.com/in/en/pd/lil-puma-babies-jog-suit/589252.html?dwvar_589252_color=35,LIL PUMA Babies' Jog Suit,"₹1,749",Kit your little one out in head-to-toe streetwear with this mini two-piece tracksuit. A cheeky graphic print and bold vertical PUMA Wordmark on the top give some playful flair...,"{'x': 124, 'y': 1005, 'height': 40, 'width': 537}","{'x': 124, 'y': 1053, 'height': 27, 'width': 67}","{'x': 124, 'y': 1885, 'height': 90, 'width': 537}","{'x': 0, 'y': 0, 'height': 5783, 'width': 785}"
69,https://in.puma.com/in/en/pd/lil-puma-babies-jog-suit/589252.html?dwvar_589252_color=01,LIL PUMA Babies' Jog Suit,"₹1,749",Kit your little one out in head-to-toe streetwear with this mini two-piece tracksuit. A cheeky graphic print and bold vertical PUMA Wordmark on the top give some playful flair...,"{'x': 124, 'y': 1005, 'height': 40, 'width': 537}","{'x': 124, 'y': 1053, 'height': 27, 'width': 67}","{'x': 124, 'y': 1885, 'height': 90, 'width': 537}","{'x': 0, 'y': 0, 'height': 5783, 'width': 785}"
70,https://in.puma.com/in/en/pd/kent-v-inf-idp/190597.html?dwvar_190597_color=01,Kent V INF IDP,"₹1,749",Kent V INF IDP Unisex Sportstyle Shoes,"{'x': 124, 'y': 1005, 'height': 40, 'width': 537}","{'x': 124, 'y': 1053, 'height': 27, 'width': 67}","{'x': 124, 'y': 1885, 'height': 30, 'width': 537}","{'x': 0, 'y': 0, 'height': 4784, 'width': 785}"
71,https://in.puma.com/in/en/pd/puma-smash-summer-animals-v-babies-sneakers/368789.html?dwvar_368789_color=03,Puma Smash Summer Animals V Babies' Sneakers,"₹1,799","The classic, striking lines of PUMA's Smash v2 get a jolt of personality when Panda and Giraffe join the Mini Paws pack this summer. Our ferociously adorable animal friends ar...","{'x': 124, 'y': 1005, 'height': 80, 'width': 537}","{'x': 124, 'y': 1093, 'height': 27, 'width': 67}","{'x': 124, 'y': 1925, 'height': 90, 'width': 537}","{'x': 0, 'y': 0, 'height': 5448, 'width': 785}"
72,https://in.puma.com/in/en/pd/puma-x-garfield-leadcat-2.0-infant-slides/385003.html?dwvar_385003_color=01,PUMA x Garfield Leadcat 2.0 Infant Slides,"₹1,999",PUMA has teamed up with pop culture's patron saint of lazy days to create a collection of laid-back styles with playful Garfield graphics. The shaggy sherpa strap and comfy mo...,"{'x': 124, 'y': 1005, 'height': 40, 'width': 537}","{'x': 124, 'y': 1053, 'height': 27, 'width': 67}","{'x': 124, 'y': 1730, 'height': 90, 'width': 537}","{'x': 0, 'y': 0, 'height': 5094, 'width': 785}"
73,https://in.puma.com/in/en/pd/courtflex-v2-kids-sneakers/371543.html?dwvar_371543_color=22,Courtflex V2 Kids' Sneakers,"₹2,499","Kid-specific and court-inspired, the Courtflex V2 Trainers are made to be worn every day. Featuring a wide instep for easy on and off, plus an increased width and height in th...","{'x': 124, 'y': 1005, 'height': 40, 'width': 537}","{'x': 124, 'y': 1053, 'height': 27, 'width': 67}","{'x': 124, 'y': 1861, 'height': 90, 'width': 537}","{'x': 0, 'y': 0, 'height': 5365, 'width': 785}"
74,https://in.puma.com/in/en/pd/courtflex-v2-kids-sneakers/371543.html?dwvar_371543_color=23,Courtflex V2 Kids' Sneakers,"₹2,499","Kid-specific and court-inspired, the Courtflex V2 Trainers are made to be worn every day. Featuring a wide instep for easy on and off, plus an increased width and height in th...","{'x': 124, 'y': 1005, 'height': 40, 'width': 537}","{'x': 124, 'y': 1053, 'height': 27, 'width': 67}","{'x': 124, 'y': 1861, 'height': 90, 'width': 537}","{'x': 0, 'y': 0, 'height': 5365, 'width': 785}"
75,https://in.puma.com/in/en/pd/puma-fun-racer-slip-on-kids-shoes/193668.html?dwvar_193668_color=13,PUMA Fun Racer Slip-On Kids' Shoes,"₹2,999","The Fun Racer Slip-On is the perfect shoe for play. They feature an easy slip-on construction and an EVA midsole for flexible stability, while the two CAT LOGOs make the look ...","{'x': 124, 'y': 1005, 'height': 40, 'width': 537}","{'x': 124, 'y': 1053, 'height': 27, 'width': 67}","{'x': 124, 'y': 1861, 'height': 90, 'width': 537}","{'x': 0, 'y': 0, 'height': 5115, 'width': 785}"
76,https://in.puma.com/in/en/pd/bambi-ps-idp-sandals/339840.html?dwvar_339840_color=03,Bambi PS IDP Sandals,"₹1,699",Bambi PS IDP,"{'x': 124, 'y': 1005, 'height': 40, 'width': 537}","{'x': 124, 'y': 1053, 'height': 27, 'width': 67}","{'x': 124, 'y': 1861, 'height': 30, 'width': 537}","{'x': 0, 'y': 0, 'height': 4760, 'width': 785}"
77,https://in.puma.com/in/en/pd/st-activate-ac-kids-shoes/369070.html?dwvar_369070_color=07,ST Activate AC Kids' Shoes,"₹2,299","Lightweight, with a breathable mesh upper, soft sockliner and thick, supportive midsole, the ST Activate Sneakers will take you there in comfort and cool, colour-contrasting s...","{'x': 124, 'y': 1005, 'height': 40, 'width': 537}","{'x': 124, 'y': 1053, 'height': 27, 'width': 67}","{'x': 124, 'y': 1861, 'height': 90, 'width': 537}","{'x': 0, 'y': 0, 'height': 3616, 'width': 785}"
78,https://in.puma.com/in/en/pd/puma-x-tiny-printed-woven-kids-shorts/533417.html?dwvar_533417_color=05,PUMA x TINY Printed Woven Kids' Shorts,"₹2,999","We love a fun summer print – who doesn't? This season, we've teamed up with Tiny to create these cheeky patterned shorts with a subtle yet colourful design. A simple cut and a...","{'x': 124, 'y': 1005, 'height': 40, 'width': 537}","{'x': 124, 'y': 1053, 'height': 27, 'width': 67}","{'x': 124, 'y': 1861, 'height': 90, 'width': 537}","{'x': 0, 'y': 0, 'height': 5814, 'width': 785}"
79,https://in.puma.com/in/en/pd/puma-x-tiny-printed-woven-kids-shorts/533417.html?dwvar_533417_color=41,PUMA x TINY Printed Woven Kids' Shorts,"₹2,999","We love a fun summer print – who doesn't? This season, we've teamed up with Tiny to create these cheeky patterned shorts with a subtle yet colourful design. A simple cut and a...","{'x': 124, 'y': 1005, 'height': 40, 'width': 537}","{'x': 124, 'y': 1053, 'height': 27, 'width': 67}","{'x': 124, 'y': 1861, 'height': 90, 'width': 537}","{'x': 0, 'y': 0, 'height': 5814, 'width': 785}"
80,https://in.puma.com/in/en/pd/puma-x-tiny-colourblock-kids-t-shirt/533416.html?dwvar_533416_color=41,PUMA x TINY Colourblock Kids' T-shirt,"₹1,999","G'day to all you tiny terrors out there! This tee is inspired by Aussie summer camp vibes, featuring stylish colour-blocking at the sleeves and PUMA branding that incorporates...","{'x': 124, 'y': 1005, 'height': 40, 'width': 537}","{'x': 124, 'y': 1053, 'height': 27, 'width': 67}","{'x': 124, 'y': 1861, 'height': 90, 'width': 537}","{'x': 0, 'y': 0, 'height': 5674, 'width': 785}"
81,https://in.puma.com/in/en/pd/puma-x-tiny-colourblock-kids-t-shirt/533416.html?dwvar_533416_color=21,PUMA x TINY Colourblock Kids' T-shirt,"₹1,999","G'day to all you tiny terrors out there! This tee is inspired by Aussie summer camp vibes, featuring stylish colour-blocking at the sleeves and PUMA branding that incorporates...","{'x': 124, 'y': 1005, 'height': 40, 'width': 537}","{'x': 124, 'y': 1053, 'height': 27, 'width': 67}","{'x': 124, 'y': 1861, 'height': 90, 'width': 537}","{'x': 0, 'y': 0, 'height': 5674, 'width': 785}"
82,https://in.puma.com/in/en/pd/puma-x-tiny-printed-kids-t-shirt/534811.html?dwvar_534811_color=84,PUMA x TINY Printed Kids' T-shirt,"₹1,999",Embrace imagination in this whimsical line of sweet staples for the littlest street style enthusiasts among us in our PUMA x TINY collection. Inspired by Australian summer cam...,"{'x': 124, 'y': 1005, 'height': 40, 'width': 537}","{'x': 124, 'y': 1053, 'height': 27, 'width': 67}","{'x': 124, 'y': 1861, 'height': 90, 'width': 537}","{'x': 0, 'y': 0, 'height': 5714, 'width': 785}"
83,https://in.puma.com/in/en/pd/fruits-kids-gym-bag/078770.html?dwvar_078770_color=01,Fruits Kids Gym Bag,₹799,"Let your little one embrace the whimsical world of our Fruits collection. Our Fruits Gym Bag features a classic silhouette in eye-catching colourways, multiple pockets for eas...","{'x': 124, 'y': 1005, 'height': 40, 'width': 537}","{'x': 124, 'y': 1053, 'height': 27, 'width': 49}","{'x': 124, 'y': 1861, 'height': 90, 'width': 537}","{'x': 0, 'y': 0, 'height': 5563, 'width': 785}"
84,https://in.puma.com/in/en/pd/fruits-kids-gym-bag/078770.html?dwvar_078770_color=02,Fruits Kids Gym Bag,₹799,"Let your little one embrace the whimsical world of our Fruits collection. Our Fruits Gym Bag features a classic silhouette in eye-catching colourways, multiple pockets for eas...","{'x': 124, 'y': 1005, 'height': 40, 'width': 537}","{'x': 124, 'y': 1053, 'height': 27, 'width': 49}","{'x': 124, 'y': 1861, 'height': 90, 'width': 537}","{'x': 0, 'y': 0, 'height': 5563, 'width': 785}"
85,https://in.puma.com/in/en/pd/popcat-20-kids-slides/372313.html?dwvar_372313_color=20,Popcat 20 Kid's Slides,"₹1,299","Slip into a true PUMA classic with our Popcat 20, delivering incomparable style and comfort for generations to come.

...","{'x': 124, 'y': 1005, 'height': 40, 'width': 537}","{'x': 124, 'y': 1053, 'height': 27, 'width': 67}","{'x': 124, 'y': 1861, 'height': 120, 'width': 537}","{'x': 0, 'y': 0, 'height': 5080, 'width': 785}"
86,https://in.puma.com/in/en/pd/puma-x-smiley-world-future-rider-kids-sneakers/384926.html?dwvar_384926_color=01,PUMA x SMILEY WORLD Future Rider Kids' Sneakers,"₹4,499","The iconic image of counter-culture for nearly five decades, Smiley is now collaborating with PUMA to bring you trendsetters. The PUMA x SMILEY WORLD Future Rider Kids' Sneake...","{'x': 124, 'y': 1005, 'height': 80, 'width': 537}","{'x': 124, 'y': 1093, 'height': 27, 'width': 67}","{'x': 124, 'y': 1901, 'height': 90, 'width': 537}","{'x': 0, 'y': 0, 'height': 5433, 'width': 785}"
87,https://in.puma.com/in/en/pd/enzo-2-refresh-ac-infant-shoes/385678.html?dwvar_385678_color=04,Enzo 2 Refresh AC Infant Shoes,"₹3,999","Welcome the new kid on the Enzo block, PUMA’s coolest new kicks for the coolest kids. Refreshing in name and nature, the extreme collar height and clamshell construction feel ...","{'x': 124, 'y': 1005, 'height': 40, 'width': 537}","{'x': 124, 'y': 1053, 'height': 27, 'width': 67}","{'x': 124, 'y': 1861, 'height': 90, 'width': 537}","{'x': 0, 'y': 0, 'height': 5475, 'width': 785}"
88,https://in.puma.com/in/en/pd/puma-x-smileyworld-kids-t-shirt/533414.html?dwvar_533414_color=51,PUMA x SMILEYWORLD Kids' T-shirt,"₹1,299","Celebrate the original emoji in this fun retro piece, designed with SmileyWorld – who have been spreading good vibes and positivity through smiley graphics since the 1970s. Th...","{'x': 124, 'y': 1005, 'height': 40, 'width': 537}","{'x': 124, 'y': 1053, 'height': 27, 'width': 67}","{'x': 124, 'y': 1861, 'height': 90, 'width': 537}","{'x': 0, 'y': 0, 'height': 5431, 'width': 785}"
89,https://in.puma.com/in/en/pd/puma-x-smileyworld-kids-t-shirt/533414.html?dwvar_533414_color=52,PUMA x SMILEYWORLD Kids' T-shirt,"₹1,299","Celebrate the original emoji in this fun retro piece, designed with SmileyWorld – who have been spreading good vibes and positivity through smiley graphics since the 1970s. Th...","{'x': 124, 'y': 1005, 'height': 40, 'width': 537}","{'x': 124, 'y': 1053, 'height': 27, 'width': 67}","{'x': 124, 'y': 1861, 'height': 90, 'width': 537}","{'x': 0, 'y': 0, 'height': 5431, 'width': 785}"
90,https://in.puma.com/in/en/pd/puma-x-smileyworld-kids-t-shirt/533414.html?dwvar_533414_color=74,PUMA x SMILEYWORLD Kids' T-shirt,"₹1,299","Celebrate the original emoji in this fun retro piece, designed with SmileyWorld – who have been spreading good vibes and positivity through smiley graphics since the 1970s. Th...","{'x': 124, 'y': 1005, 'height': 40, 'width': 537}","{'x': 124, 'y': 1053, 'height': 27, 'width': 67}","{'x': 124, 'y': 1861, 'height': 90, 'width': 537}","{'x': 0, 'y': 0, 'height': 5431, 'width': 785}"
91,https://in.puma.com/in/en/pd/puma-x-smileyworld-kids-t-shirt/533414.html?dwvar_533414_color=01,PUMA x SMILEYWORLD Kids' T-shirt,"₹1,299","Celebrate the original emoji in this fun retro piece, designed with SmileyWorld – who have been spreading good vibes and positivity through smiley graphics since the 1970s. Th...","{'x': 124, 'y': 1005, 'height': 40, 'width': 537}","{'x': 124, 'y': 1053, 'height': 27, 'width': 67}","{'x': 124, 'y': 1861, 'height': 90, 'width': 537}","{'x': 0, 'y': 0, 'height': 5431, 'width': 785}"
92,https://in.puma.com/in/en/pd/puma-x-smiley-world-kids-shorts/846974.html?dwvar_846974_color=43,PUMA x SMILEY WORLD Kids' Shorts,"₹1,799","What's not to smile about? These shorts, developed in partnership with Smiley World, are sure to bring a smile to your little one's face. There's a colourful graphic on the ri...","{'x': 124, 'y': 1005, 'height': 40, 'width': 537}","{'x': 124, 'y': 1053, 'height': 27, 'width': 67}","{'x': 124, 'y': 1861, 'height': 90, 'width': 537}","{'x': 0, 'y': 0, 'height': 5839, 'width': 785}"
93,https://in.puma.com/in/en/pd/puma-x-smiley-world-kids-shorts/846974.html?dwvar_846974_color=01,PUMA x SMILEY WORLD Kids' Shorts,"₹1,799","What's not to smile about? These shorts, developed in partnership with Smiley World, are sure to bring a smile to your little one's face. There's a colourful graphic on the ri...","{'x': 124, 'y': 1005, 'height': 40, 'width': 537}","{'x': 124, 'y': 1053, 'height': 27, 'width': 67}","{'x': 124, 'y': 1861, 'height': 90, 'width': 537}","{'x': 0, 'y': 0, 'height': 5839, 'width': 785}"
94,https://in.puma.com/in/en/pd/puma-x-smiley-world-kids--t-shirt/846970.html?dwvar_846970_color=74,PUMA x SMILEY WORLD Kids' T-shirt,"₹1,299","Here's a tee guaranteed to put a smile on their face. It features a fun and super colourful rubber print Smiley World print on the front. On the back, just under the ribbed cr...","{'x': 124, 'y': 1005, 'height': 40, 'width': 537}","{'x': 124, 'y': 1053, 'height': 27, 'width': 67}","{'x': 124, 'y': 1861, 'height': 90, 'width': 537}","{'x': 0, 'y': 0, 'height': 5351, 'width': 785}"
95,https://in.puma.com/in/en/pd/suede-light-flex-foodis%C2%A0v-infant-sneakers/383145.html?dwvar_383145_color=01,Suede Light-Flex Foodis V Infant Sneakers,"₹3,999","If your kid is hungry for sporting adventure, then this is the shoe for them. Featuring adorable foodie characters in cool colourways cavorting across a stretchy textile upper...","{'x': 124, 'y': 1005, 'height': 40, 'width': 537}","{'x': 124, 'y': 1053, 'height': 27, 'width': 67}","{'x': 124, 'y': 1861, 'height': 90, 'width': 537}","{'x': 0, 'y': 0, 'height': 5610, 'width': 785}"
96,https://in.puma.com/in/en/pd/suede-light-flex-foodis%C2%A0v-infant-sneakers/383145.html?dwvar_383145_color=02,Suede Light-Flex Foodis V Infant Sneakers,"₹3,999","If your kid is hungry for sporting adventure, then this is the shoe for them. Featuring adorable foodie characters in cool colourways cavorting across a stretchy textile upper...","{'x': 124, 'y': 1005, 'height': 40, 'width': 537}","{'x': 124, 'y': 1053, 'height': 27, 'width': 67}","{'x': 124, 'y': 1861, 'height': 90, 'width': 537}","{'x': 0, 'y': 0, 'height': 5610, 'width': 785}"
97,https://in.puma.com/in/en/pd/puma-x-smiley-world-kids-t-shirt/846976.html?dwvar_846976_color=15,PUMA x SMILEY WORLD Kids' T-shirt,"₹1,299","Put a smile on their faces with this awesome Smiley World tee. Featuring a ribbed crew neck and with a relaxed fit, this tee has a colourful rubber graphic on the front while ...","{'x': 124, 'y': 1005, 'height': 40, 'width': 537}","{'x': 124, 'y': 1053, 'height': 27, 'width': 67}","{'x': 124, 'y': 1861, 'height': 90, 'width': 537}","{'x': 0, 'y': 0, 'height': 5296, 'width': 785}"
98,https://in.puma.com/in/en/pd/puma-x-smiley-world-kids-t-shirt/846976.html?dwvar_846976_color=51,PUMA x SMILEY WORLD Kids' T-shirt,"₹1,299","Put a smile on their faces with this awesome Smiley World tee. Featuring a ribbed crew neck and with a relaxed fit, this tee has a colourful rubber graphic on the front while ...","{'x': 124, 'y': 1005, 'height': 40, 'width': 537}","{'x': 124, 'y': 1053, 'height': 27, 'width': 67}","{'x': 124, 'y': 1861, 'height': 90, 'width': 537}","{'x': 0, 'y': 0, 'height': 5296, 'width': 785}"
99,https://in.puma.com/in/en/pd/puma-x-smiley-world-kids--t-shirt/846970.html?dwvar_846970_color=43,PUMA x SMILEY WORLD Kids' T-shirt,"₹1,299","Here's a tee guaranteed to put a smile on their face. It features a fun and super colourful rubber print Smiley World print on the front. On the back, just under the ribbed cr...","{'x': 124, 'y': 1005, 'height': 40, 'width': 537}","{'x': 124, 'y': 1053, 'height': 27, 'width': 67}","{'x': 124, 'y': 1861, 'height': 90, 'width': 537}","{'x': 0, 'y': 0, 'height': 5351, 'width': 785}"
100,https://in.puma.com/in/en/pd/puma-x-smileyworld-t7-kids-track-jacket/533412.html?dwvar_533412_color=01,PUMA x SMILEYWORLD T7 Kids' Track Jacket,"₹2,999","Spread some sunshine in the SmileyWorld jacket – guaranteed to lift your mood even on grey days. Developed in collaboration with the original Smiley brand, this collection is ...","{'x': 124, 'y': 1005, 'height': 40, 'width': 537}","{'x': 124, 'y': 1053, 'height': 27, 'width': 67}","{'x': 124, 'y': 1861, 'height': 90, 'width': 537}","{'x': 0, 'y': 0, 'height': 5517, 'width': 785}"
101,https://in.puma.com/in/en/pd/puma-x-smileyworld-kids-t-shirt/533414.html?dwvar_533414_color=14,PUMA x SMILEYWORLD Kids' T-shirt,"₹1,299","Celebrate the original emoji in this fun retro piece, designed with SmileyWorld – who have been spreading good vibes and positivity through smiley graphics since the 1970s. Th...","{'x': 124, 'y': 1005, 'height': 40, 'width': 537}","{'x': 124, 'y': 1053, 'height': 27, 'width': 67}","{'x': 124, 'y': 1861, 'height': 90, 'width': 537}","{'x': 0, 'y': 0, 'height': 5431, 'width': 785}"
102,https://in.puma.com/in/en/pd/puma-x-smiley-world-kids-t-shirt/846976.html?dwvar_846976_color=02,PUMA x SMILEY WORLD Kids' T-shirt,"₹1,299","Put a smile on their faces with this awesome Smiley World tee. Featuring a ribbed crew neck and with a relaxed fit, this tee has a colourful rubber graphic on the front while ...","{'x': 124, 'y': 1005, 'height': 40, 'width': 537}","{'x': 124, 'y': 1053, 'height': 27, 'width': 67}","{'x': 124, 'y': 1861, 'height': 90, 'width': 537}","{'x': 0, 'y': 0, 'height': 5296, 'width': 785}"
103,https://in.puma.com/in/en/pd/puma-x-smiley-world-kids-t-shirt/846976.html?dwvar_846976_color=01,PUMA x SMILEY WORLD Kids' T-shirt,"₹1,299","Put a smile on their faces with this awesome Smiley World tee. Featuring a ribbed crew neck and with a relaxed fit, this tee has a colourful rubber graphic on the front while ...","{'x': 124, 'y': 1005, 'height': 40, 'width': 537}","{'x': 124, 'y': 1053, 'height': 27, 'width': 67}","{'x': 124, 'y': 1861, 'height': 90, 'width': 537}","{'x': 0, 'y': 0, 'height': 5296, 'width': 785}"
104,https://in.puma.com/in/en/pd/enzo-2-refresh-ac-infant-shoes/385678.html?dwvar_385678_color=01,Enzo 2 Refresh AC Infant Shoes,"₹3,999","Welcome the new kid on the Enzo block, PUMA’s coolest new kicks for the coolest kids. Refreshing in name and nature, the extreme collar height and clamshell construction feel ...","{'x': 124, 'y': 1005, 'height': 40, 'width': 537}","{'x': 124, 'y': 1053, 'height': 27, 'width': 67}","{'x': 124, 'y': 1861, 'height': 90, 'width': 537}","{'x': 0, 'y': 0, 'height': 5475, 'width': 785}"
105,https://in.puma.com/in/en/pd/puma-light-flex-summer-fruit-kids-slides/384888.html?dwvar_384888_color=01,PUMA Light-Flex Summer Fruit Kids' Slides,"₹2,999","Don't seize the day – squeeze the day. These playful sandals feature bright and summery colours and an adorable collection of Fruitmates, fun fruit characters inspired by kids...","{'x': 124, 'y': 1005, 'height': 40, 'width': 537}","{'x': 124, 'y': 1053, 'height': 27, 'width': 67}","{'x': 124, 'y': 1861, 'height': 90, 'width': 537}","{'x': 0, 'y': 0, 'height': 5395, 'width': 785}"
106,https://in.puma.com/in/en/pd/scuderia-ferrari-bao-kart-sneakers/307044.html?dwvar_307044_color=01,Scuderia Ferrari Bao Kart Sneakers,"₹4,499","Introducing our latest kids' style for rad little racers: the Bao Kart is designed for the next generation of F1 fans, with a slip-on silhouette that unites quick, easy on-and...","{'x': 124, 'y': 1005, 'height': 40, 'width': 537}","{'x': 124, 'y': 1053, 'height': 27, 'width': 67}","{'x': 124, 'y': 1861, 'height': 90, 'width': 537}","{'x': 0, 'y': 0, 'height': 5370, 'width': 785}"
107,https://in.puma.com/in/en/pd/scuderia-ferrari-bao-kart-sneakers/307044.html?dwvar_307044_color=02,Scuderia Ferrari Bao Kart Sneakers,"₹4,499","Introducing our latest kids' style for rad little racers: the Bao Kart is designed for the next generation of F1 fans, with a slip-on silhouette that unites quick, easy on-and...","{'x': 124, 'y': 1005, 'height': 40, 'width': 537}","{'x': 124, 'y': 1053, 'height': 27, 'width': 67}","{'x': 124, 'y': 1861, 'height': 90, 'width': 537}","{'x': 0, 'y': 0, 'height': 5370, 'width': 785}"
108,https://in.puma.com/in/en/pd/puma-x-garfield-graphic-youth--t-shirt/533429.html?dwvar_533429_color=48,PUMA x GARFIELD Graphic Youth T-shirt,"₹1,799","For lovers of Jim Davis's timeless character, the PUMA x GARFIELD collection presents a series of pieces dedicated to the world's hungriest cat. The casual relaxed fit of this...","{'x': 124, 'y': 1005, 'height': 40, 'width': 537}","{'x': 124, 'y': 1053, 'height': 27, 'width': 67}","{'x': 124, 'y': 1931, 'height': 90, 'width': 537}","{'x': 0, 'y': 0, 'height': 5632, 'width': 785}"
109,https://in.puma.com/in/en/pd/puma-x-garfield-graphic-youth--t-shirt/533429.html?dwvar_533429_color=01,PUMA x GARFIELD Graphic Youth T-shirt,"₹1,799","For lovers of Jim Davis's timeless character, the PUMA x GARFIELD collection presents a series of pieces dedicated to the world's hungriest cat. The casual relaxed fit of this...","{'x': 124, 'y': 1005, 'height': 40, 'width': 537}","{'x': 124, 'y': 1053, 'height': 27, 'width': 67}","{'x': 124, 'y': 1861, 'height': 90, 'width': 537}","{'x': 0, 'y': 0, 'height': 5562, 'width': 785}"
110,https://in.puma.com/in/en/pd/puma-x-garfield-youth-t-shirt/533432.html?dwvar_533432_color=48,PUMA x GARFIELD Youth T-shirt,"₹1,999",Shout out to your favourite cartoon in this fun colour-block tee. With a cheeky puff print on the front featuring a chilled-out Garfield wearing a pair of genuine PUMA trainer...,"{'x': 124, 'y': 1005, 'height': 40, 'width': 537}","{'x': 124, 'y': 1053, 'height': 27, 'width': 67}","{'x': 124, 'y': 1861, 'height': 90, 'width': 537}","{'x': 0, 'y': 0, 'height': 5602, 'width': 785}"
111,https://in.puma.com/in/en/pd/puma-x-garfield-youth-baseball-cap/023833.html?dwvar_023833_color=01,PUMA x Garfield Youth Baseball Cap,₹999,"Equip yourself for manic Mondays and beyond with this collaboration with the original iconic Monday-loathing, lasagne-loving cartoon cat, Garfield. Our PUMA x GARFIELD Basebal...","{'x': 124, 'y': 1005, 'height': 40, 'width': 537}","{'x': 124, 'y': 1053, 'height': 27, 'width': 49}","{'x': 124, 'y': 1861, 'height': 90, 'width': 537}","{'x': 0, 'y': 0, 'height': 5774, 'width': 785}"
112,https://in.puma.com/in/en/pd/puma-x-garfield-suede-youth-sneakers/384553.html?dwvar_384553_color=01,PUMA x Garfield Suede Youth Sneakers,"₹5,499",We've joined forces with arguably the world's most famous cat. Our first PUMA x GARFIELD collaboration is inspired by the ginger cat's love of food and features bright colours...,"{'x': 124, 'y': 1005, 'height': 40, 'width': 537}","{'x': 124, 'y': 1053, 'height': 27, 'width': 67}","{'x': 124, 'y': 1861, 'height': 90, 'width': 537}","{'x': 0, 'y': 0, 'height': 5480, 'width': 785}"
113,https://in.puma.com/in/en/pd/puma-x-garfield-youth-t-shirt/533432.html?dwvar_533432_color=02,PUMA x GARFIELD Youth T-shirt,"₹1,999",Shout out to your favourite cartoon in this fun colour-block tee. With a cheeky puff print on the front featuring a chilled-out Garfield wearing a pair of genuine PUMA trainer...,"{'x': 124, 'y': 1005, 'height': 40, 'width': 537}","{'x': 124, 'y': 1053, 'height': 27, 'width': 67}","{'x': 124, 'y': 1861, 'height': 90, 'width': 537}","{'x': 0, 'y': 0, 'height': 5602, 'width': 785}"
114,https://in.puma.com/in/en/pd/italia-signature-winner-youth-t-shirt/769993.html?dwvar_769993_color=04,Italia Signature Winner Youth T-Shirt,"₹2,499","The FIGC Italia Signature tee from PUMA is designed for real fans and real winners. It features awesome graphics inspired by the latest kit, as well as the beloved FIGC Italia...","{'x': 124, 'y': 1005, 'height': 40, 'width': 537}","{'x': 124, 'y': 1053, 'height': 27, 'width': 67}","{'x': 124, 'y': 1861, 'height': 90, 'width': 537}","{'x': 0, 'y': 0, 'height': 5629, 'width': 785}"
115,https://in.puma.com/in/en/pd/italia-graphic-winner-youth-t-shirt/769991.html?dwvar_769991_color=02,Italia Graphic Winner Youth T-Shirt,"₹1,999","This FIGC Italia graphic tee is for the true Azzurri fans. Hit the pitch with pride thanks to bold graphics inspired by this season's kit, as well as the instantly recognisabl...","{'x': 124, 'y': 1005, 'height': 40, 'width': 537}","{'x': 124, 'y': 1053, 'height': 27, 'width': 67}","{'x': 124, 'y': 1861, 'height': 90, 'width': 537}","{'x': 0, 'y': 0, 'height': 5653, 'width': 785}"
116,https://in.puma.com/in/en/pd/grl-relaxed-fit-youth-sweatpants/533396.html?dwvar_533396_color=21,GRL Relaxed Fit Youth Sweatpants,"₹1,999","Elevate your look from casual to cool in these laid-back sporty sweats. Made using recycled materials, and with an adjustable elasticated waistband, cute branding and an easy ...","{'x': 124, 'y': 1005, 'height': 40, 'width': 537}","{'x': 124, 'y': 1053, 'height': 27, 'width': 67}","{'x': 124, 'y': 1861, 'height': 90, 'width': 537}","{'x': 0, 'y': 0, 'height': 5619, 'width': 785}"
117,https://in.puma.com/in/en/pd/grl-relaxed-fit-youth-sweatpants/533396.html?dwvar_533396_color=55,GRL Relaxed Fit Youth Sweatpants,"₹1,999","Elevate your look from casual to cool in these laid-back sporty sweats. Made using recycled materials, and with an adjustable elasticated waistband, cute branding and an easy ...","{'x': 124, 'y': 1005, 'height': 40, 'width': 537}","{'x': 124, 'y': 1053, 'height': 27, 'width': 67}","{'x': 124, 'y': 1861, 'height': 90, 'width': 537}","{'x': 0, 'y': 0, 'height': 5619, 'width': 785}"
118,https://in.puma.com/in/en/pd/modern-sports-youth-pants/846926.html?dwvar_846926_color=01,Modern Sports Youth Pants,"₹2,499",Kit yourself out in the peak of athletic technology with our Modern Sports collection of contemporary sporting essentials. Our Modern Sports Pants are the ideal way to finish ...,"{'x': 124, 'y': 1005, 'height': 40, 'width': 537}","{'x': 124, 'y': 1053, 'height': 27, 'width': 67}","{'x': 124, 'y': 1861, 'height': 90, 'width': 537}","{'x': 0, 'y': 0, 'height': 5818, 'width': 785}"
119,https://in.puma.com/in/en/pd/truco-ii-youth-football-trainers/106570.html?dwvar_106570_color=04,TRUCO II Youth Football Trainers,"₹2,999","Agile Futsal footwork comes easily in these TRUCO II boots. The breathable upper material mix is super soft but robust enough to withstand the most gruelling game-play, while ...","{'x': 124, 'y': 1005, 'height': 40, 'width': 537}","{'x': 124, 'y': 1053, 'height': 27, 'width': 67}","{'x': 124, 'y': 1861, 'height': 90, 'width': 537}","{'x': 0, 'y': 0, 'height': 5390, 'width': 785}"
120,https://in.puma.com/in/en/pd/puma-x-garfield-leadcat-2.0-kids-slides/385002.html?dwvar_385002_color=01,PUMA x Garfield Leadcat 2.0 Kids Slides,"₹2,499",PUMA has teamed up with pop culture's patron saint of lazy days to create a collection of laid-back styles with playful Garfield graphics. This edition of the Leadcat 2.0 comb...,"{'x': 124, 'y': 1005, 'height': 40, 'width': 537}","{'x': 124, 'y': 1053, 'height': 27, 'width': 67}","{'x': 124, 'y': 1730, 'height': 90, 'width': 537}","{'x': 0, 'y': 0, 'height': 5094, 'width': 785}"
121,https://in.puma.com/in/en/pd/puma-x-garfield-printed-youth-shorts/533431.html?dwvar_533431_color=01,PUMA x GARFIELD Printed Youth Shorts,"₹2,499","What better way to pay homage to the lounge-loving Garfield than with some ultra-comfy loungewear of your own? These shorts are made entirely from cosy cotton sweat fabric, wi...","{'x': 124, 'y': 1005, 'height': 40, 'width': 537}","{'x': 124, 'y': 1053, 'height': 27, 'width': 67}","{'x': 124, 'y': 1861, 'height': 90, 'width': 537}","{'x': 0, 'y': 0, 'height': 5627, 'width': 785}"
122,https://in.puma.com/in/en/pd/puma-x-garfield-graphic-youth--t-shirt/533429.html?dwvar_533429_color=91,PUMA x GARFIELD Graphic Youth T-shirt,"₹1,799","For lovers of Jim Davis's timeless character, the PUMA x GARFIELD collection presents a series of pieces dedicated to the world's hungriest cat. The casual relaxed fit of this...","{'x': 124, 'y': 1005, 'height': 40, 'width': 537}","{'x': 124, 'y': 1053, 'height': 27, 'width': 67}","{'x': 124, 'y': 1861, 'height': 90, 'width': 537}","{'x': 0, 'y': 0, 'height': 5562, 'width': 785}"
123,https://in.puma.com/in/en/pd/puma-x-garfield-printed-youth-shorts/533431.html?dwvar_533431_color=48,PUMA x GARFIELD Printed Youth Shorts,"₹2,499","What better way to pay homage to the lounge-loving Garfield than with some ultra-comfy loungewear of your own? These shorts are made entirely from cosy cotton sweat fabric, wi...","{'x': 124, 'y': 1005, 'height': 40, 'width': 537}","{'x': 124, 'y': 1053, 'height': 27, 'width': 67}","{'x': 124, 'y': 1861, 'height': 90, 'width': 537}","{'x': 0, 'y': 0, 'height': 5627, 'width': 785}"
124,https://in.puma.com/in/en/pd/puma-x-garfield-mini-sling-bag/078892.html?dwvar_078892_color=01,PUMA x Garfield Mini Sling Bag,"₹1,799","New for this season, our PUMA x GARFIELD collection is full of bright fun colours and cheeky Garfield-inspired prints. Ideal for busy kids, this stylish mini sling backpack fe...","{'x': 124, 'y': 1005, 'height': 40, 'width': 537}","{'x': 124, 'y': 1053, 'height': 27, 'width': 67}","{'x': 124, 'y': 1730, 'height': 90, 'width': 537}","{'x': 0, 'y': 0, 'height': 5226, 'width': 785}"
125,https://in.puma.com/in/en/pd/active-sports-printed-youth-shorts/847008.html?dwvar_847008_color=01,Active Sports Printed Youth Shorts,"₹1,999",Step into the centre of the action with our Active Sports collection of undeniably stylish streetwear staples. Our Active Sports Printed Shorts are a sustainable twist on ever...,"{'x': 124, 'y': 1005, 'height': 40, 'width': 537}","{'x': 124, 'y': 1053, 'height': 27, 'width': 67}","{'x': 124, 'y': 1861, 'height': 90, 'width': 537}","{'x': 0, 'y': 0, 'height': 5839, 'width': 785}"
126,https://in.puma.com/in/en/pd/one8-virat-kohli-youth-logo-shorts/849314.html?dwvar_849314_color=49,one8 Virat Kohli Youth Logo Shorts,"₹1,299",Train with adrenaline sporting the one8 Virat Kohli Men's Shorts the perfect piece featuring an ergonomic fit instilled with PUMA and one8 branding and striking sleek design a...,"{'x': 124, 'y': 1005, 'height': 40, 'width': 537}","{'x': 124, 'y': 1053, 'height': 27, 'width': 67}","{'x': 124, 'y': 1861, 'height': 90, 'width': 537}","{'x': 0, 'y': 0, 'height': 5429, 'width': 785}"
127,https://in.puma.com/in/en/pd/one8-virat-kohli-youth-logo-shorts/849314.html?dwvar_849314_color=40,one8 Virat Kohli Youth Logo Shorts,"₹1,299",Train with adrenaline sporting the one8 Virat Kohli Men's Shorts the perfect piece featuring an ergonomic fit instilled with PUMA and one8 branding and striking sleek design a...,"{'x': 124, 'y': 1005, 'height': 40, 'width': 537}","{'x': 124, 'y': 1053, 'height': 27, 'width': 67}","{'x': 124, 'y': 1861, 'height': 90, 'width': 537}","{'x': 0, 'y': 0, 'height': 5429, 'width': 785}"
128,https://in.puma.com/in/en/pd/active-sports-poly-youth-pants/847005.html?dwvar_847005_color=06,Active Sports Poly Youth Pants,"₹1,999","Step into the centre of the action with our Active Sports collection of undeniably stylish streetwear staples. Our Active Sports Poly Pants feature a slim, tapered leg and dro...","{'x': 124, 'y': 1005, 'height': 40, 'width': 537}","{'x': 124, 'y': 1053, 'height': 27, 'width': 67}","{'x': 124, 'y': 1861, 'height': 90, 'width': 537}","{'x': 0, 'y': 0, 'height': 5709, 'width': 785}"
129,https://in.puma.com/in/en/pd/active-sports-poly-youth-pants/847005.html?dwvar_847005_color=01,Active Sports Poly Youth Pants,"₹1,999","Step into the centre of the action with our Active Sports collection of undeniably stylish streetwear staples. Our Active Sports Poly Pants feature a slim, tapered leg and dro...","{'x': 124, 'y': 1005, 'height': 40, 'width': 537}","{'x': 124, 'y': 1053, 'height': 27, 'width': 67}","{'x': 124, 'y': 1861, 'height': 90, 'width': 537}","{'x': 0, 'y': 0, 'height': 5709, 'width': 785}"
130,https://in.puma.com/in/en/pd/italia-graphic-winner-youth-hoodie/769996.html?dwvar_769996_color=01,Italia Graphic Winner Youth Hoodie,"₹4,499","Show your support for your favourite team every time you hit the pitch in this FIGC Italia graphic hoodie. Comfy yet bold, it features graphics inspired by this season's kit, ...","{'x': 124, 'y': 1005, 'height': 40, 'width': 537}","{'x': 124, 'y': 1053, 'height': 27, 'width': 67}","{'x': 124, 'y': 1861, 'height': 90, 'width': 537}","{'x': 0, 'y': 0, 'height': 5624, 'width': 785}"
131,https://in.puma.com/in/en/pd/italia-graphic-winner-youth-hoodie/769996.html?dwvar_769996_color=02,Italia Graphic Winner Youth Hoodie,"₹4,499","Show your support for your favourite team every time you hit the pitch in this FIGC Italia graphic hoodie. Comfy yet bold, it features graphics inspired by this season's kit, ...","{'x': 124, 'y': 1005, 'height': 40, 'width': 537}","{'x': 124, 'y': 1053, 'height': 27, 'width': 67}","{'x': 124, 'y': 1861, 'height': 90, 'width': 537}","{'x': 0, 'y': 0, 'height': 5624, 'width': 785}"
132,https://in.puma.com/in/en/pd/italia-graphic-winner-youth-t-shirt/769991.html?dwvar_769991_color=01,Italia Graphic Winner Youth T-Shirt,"₹1,999","This FIGC Italia graphic tee is for the true Azzurri fans. Hit the pitch with pride thanks to bold graphics inspired by this season's kit, as well as the instantly recognisabl...","{'x': 124, 'y': 1005, 'height': 40, 'width': 537}","{'x': 124, 'y': 1053, 'height': 27, 'width': 67}","{'x': 124, 'y': 1861, 'height': 90, 'width': 537}","{'x': 0, 'y': 0, 'height': 5653, 'width': 785}"
133,https://in.puma.com/in/en/pd/italia-graphic-winner-youth-t-shirt/769991.html?dwvar_769991_color=03,Italia Graphic Winner Youth T-Shirt,"₹1,999","This FIGC Italia graphic tee is for the true Azzurri fans. Hit the pitch with pride thanks to bold graphics inspired by this season's kit, as well as the instantly recognisabl...","{'x': 124, 'y': 1005, 'height': 40, 'width': 537}","{'x': 124, 'y': 1053, 'height': 27, 'width': 67}","{'x': 124, 'y': 1861, 'height': 90, 'width': 537}","{'x': 0, 'y': 0, 'height': 5653, 'width': 785}"
134,https://in.puma.com/in/en/pd/zippered-jersey-youth-pants/672905.html?dwvar_672905_color=70,Zippered Jersey Youth Pants,"₹1,699","Comfy yet cool but also brimming with style in the Zippered Graphic Youth Pants . Featuring an open cuff, a sporty silhouette, the perfect relax gear

...","{'x': 124, 'y': 1005, 'height': 40, 'width': 537}","{'x': 124, 'y': 1053, 'height': 27, 'width': 67}","{'x': 124, 'y': 1861, 'height': 120, 'width': 537}","{'x': 0, 'y': 0, 'height': 5569, 'width': 785}"
135,https://in.puma.com/in/en/pd/puma-x-1der-kl-rahul-character-youth-t-shirt/672907.html?dwvar_672907_color=24,PUMA x 1DER KL Rahul Character Youth T-Shirt,"₹1,099","Uber cool with unlimited swag the PUMA x 1DER Youth Character T-Shirt is a must have, this piece features unmissable 1DER branding at the back, t and stylish at the same tim...","{'x': 124, 'y': 1005, 'height': 80, 'width': 537}","{'x': 124, 'y': 1093, 'height': 27, 'width': 67}","{'x': 124, 'y': 1901, 'height': 90, 'width': 537}","{'x': 0, 'y': 0, 'height': 5453, 'width': 785}"
136,https://in.puma.com/in/en/pd/puma-x-1der-kl-rahul-character-youth-t-shirt/672907.html?dwvar_672907_color=41,PUMA x 1DER KL Rahul Character Youth T-Shirt,"₹1,099","Uber cool with unlimited swag the PUMA x 1DER Youth Character T-Shirt is a must have, this piece features unmissable 1DER branding at the back, t and stylish at the same tim...","{'x': 124, 'y': 1005, 'height': 80, 'width': 537}","{'x': 124, 'y': 1093, 'height': 27, 'width': 67}","{'x': 124, 'y': 1901, 'height': 90, 'width': 537}","{'x': 0, 'y': 0, 'height': 5453, 'width': 785}"
137,https://in.puma.com/in/en/pd/popcat-20-youth-slides/372017.html?dwvar_372017_color=01,Popcat 20 Youth Slides,"₹1,499","These sandals are comfort and style combined. The supportive EVA midsole keeps you feeling fresh every step of the way, and the bold PUMA No. 1 Logo across the strap means you...","{'x': 124, 'y': 1005, 'height': 40, 'width': 537}","{'x': 124, 'y': 1053, 'height': 27, 'width': 67}","{'x': 124, 'y': 1861, 'height': 90, 'width': 537}","{'x': 0, 'y': 0, 'height': 5145, 'width': 785}"
138,https://in.puma.com/in/en/pd/popcat-20-youth-slides/372017.html?dwvar_372017_color=20,Popcat 20 Youth Slides,"₹1,499","These sandals are comfort and style combined. The supportive EVA midsole keeps you feeling fresh every step of the way, and the bold PUMA No. 1 Logo across the strap means you...","{'x': 124, 'y': 1005, 'height': 40, 'width': 537}","{'x': 124, 'y': 1053, 'height': 27, 'width': 67}","{'x': 124, 'y': 1861, 'height': 90, 'width': 537}","{'x': 0, 'y': 0, 'height': 5145, 'width': 785}"
139,https://in.puma.com/in/en/pd/softride-infant-slides/375695.html?dwvar_375695_color=01,Softride Infant Slides,"₹2,499",Making sandals this soft can be hard work. But you will appreciate the fruits of our labour because the Soft Sandal is one of the most comfortable and lightweight sandals ever...,"{'x': 124, 'y': 1005, 'height': 40, 'width': 537}","{'x': 124, 'y': 1053, 'height': 27, 'width': 67}","{'x': 124, 'y': 1861, 'height': 90, 'width': 537}","{'x': 0, 'y': 0, 'height': 5270, 'width': 785}"
140,https://in.puma.com/in/en/pd/mercedes-amg-petronas-f1-drift-cat-delta-v-kids-sneakers/306921.html?dwvar_306921_color=04,Mercedes AMG Petronas F1 Drift Cat Delta V Kids' Sneakers,"₹4,499","Your little one might be too young to drive, but they're never too young to appreciate the style and elegance of Formula 1. Inspired by the future of race cars and paying homa...","{'x': 124, 'y': 1005, 'height': 80, 'width': 537}","{'x': 124, 'y': 1093, 'height': 27, 'width': 67}","{'x': 124, 'y': 1901, 'height': 90, 'width': 537}","{'x': 0, 'y': 0, 'height': 5430, 'width': 785}"
